"Pinterest board","Media URL","Title","Description","Link","Publish date","Alt text"
"Small Apartment Storage Ideas","https://smallspacehome.ca/images/pins/small-entryway-hallway-storage-ideas-A.png","Small Entryway & Hallway Storage Ideas","Small entryway storage ideas for apartments. Slim console wall hooks shoe basket and mirror to build an entry zone. See the full guide at smallspacehome.ca →","https://smallspacehome.ca/blog/small-entryway-hallway-storage-ideas/","10/05/2026 12:00","Small apartment entryway with console table hooks and shoe basket"
"Renter-Friendly Apartment Decor","https://smallspacehome.ca/images/pins/apartment-decor-ideas-on-a-budget-A.png","Cute Cheap Apartment Ideas: $50 & $200 CAD Plans","Cute cheap apartment ideas with real Canadian prices. The exact $50 and $200 CAD priority order for renters. See the full plan at smallspacehome.ca →","https://smallspacehome.ca/blog/apartment-decor-ideas-on-a-budget/","10/05/2026 18:00","Budget styled apartment corner with thrifted armchair and warm lamp"
"Small Apartment Storage Ideas","https://smallspacehome.ca/images/pins/small-apartment-shoe-storage-ideas-A.png","Shoe Storage Ideas for Small Spaces","Shoe storage ideas for small apartments. Over-door racks slim shoe cabinets and entryway benches to keep 20+ pairs organized. See all options at smallspacehome.ca →","https://smallspacehome.ca/blog/small-apartment-shoe-storage-ideas/","10/06/2026 12:00","Slim shoe cabinet in small apartment entryway with organized pairs"
"Small Apartment Storage Ideas","https://smallspacehome.ca/images/pins/small-apartment-bathroom-storage-A.png","Small Apartment Bathroom Storage Ideas","Small apartment bathroom storage ideas. Over-toilet shelving suction caddies and slim rolling carts for zero counter space. See all ideas at smallspacehome.ca →","https://smallspacehome.ca/blog/small-apartment-bathroom-storage/","10/06/2026 18:00","Small bathroom with over-toilet shelving and slim rolling cart"
"Renter-Friendly Apartment Decor","https://smallspacehome.ca/images/pins/apartment-decor-ideas-A.png","Small Apartment Decorating Ideas for Renters","Small apartment decorating ideas for renters. Damage-free upgrades that transform a rental and reverse when you move out. See all at smallspacehome.ca →","https://smallspacehome.ca/blog/apartment-decor-ideas/","10/07/2026 12:00","Renter-friendly apartment with styled shelves and warm lighting"
"Renter-Friendly Apartment Decor","https://smallspacehome.ca/images/pins/command-strip-decorating-hacks-renters-A.png","No-Damage Command Strip Decorating Hacks","Command strip decorating hacks for renters. Hang art shelves and curtains with no holes. Weight limits and removal tips included. See the guide at smallspacehome.ca →","https://smallspacehome.ca/blog/command-strip-decorating-hacks-renters/","10/07/2026 18:00","Apartment wall with framed art and floating shelf hung without nails"
"Small Apartment Storage Ideas","https://smallspacehome.ca/images/pins/storage-ideas-for-small-places-A.png","23 Small Apartment Storage Ideas","23 small apartment storage ideas that actually work. Under-bed vertical hidden and multi-use storage with real prices. See the full list at smallspacehome.ca →","https://smallspacehome.ca/blog/storage-ideas-for-small-places/","10/08/2026 12:00","Organized small apartment showing storage ottoman and floating shelves"
"Small Apartment Storage Ideas","https://smallspacehome.ca/images/pins/vertical-storage-ideas-small-apartment-A.png","12 Vertical Storage Ideas for Apartments","Vertical storage ideas for small apartments. Over-door organizers tall narrow shelving and wall hooks. Go up when you run out of floor. See all 12 at smallspacehome.ca →","https://smallspacehome.ca/blog/vertical-storage-ideas-small-apartment/","10/08/2026 18:00","Small apartment wall used floor to ceiling with bookshelf and wall baskets"
"Renter-Friendly Apartment Decor","https://smallspacehome.ca/images/pins/renter-friendly-gallery-wall-ideas-A.png","15 No-Nail Gallery Wall Ideas for Renters","Renter-friendly gallery wall ideas. Command-strip hanging by weight layout templates and how to keep it level. See the method at smallspacehome.ca →","https://smallspacehome.ca/blog/renter-friendly-gallery-wall-ideas/","10/09/2026 12:00","Gallery wall with mixed frame sizes above sofa hung without nails"
"Renter-Friendly Apartment Decor","https://smallspacehome.ca/images/pins/dollarama-finds-look-expensive-A.png","Dollarama Finds That Look Expensive ($1–$5)","Dollarama bud vases planters and trays that look high-end. All $1 to $5 CAD plus styling tricks. See the shopping list at smallspacehome.ca →","https://smallspacehome.ca/blog/dollarama-finds-look-expensive/","10/09/2026 18:00","Styled shelf with matte vase and dried stems from dollar store"
"Small Apartment Storage Ideas","https://smallspacehome.ca/images/pins/small-apartment-organization-A.png","How to Organize Small Spaces (Room-by-Room System)","How to organize small spaces in a rental apartment. The exact room-by-room system that works. Declutter zone maintain. See the full guide at smallspacehome.ca →","https://smallspacehome.ca/blog/small-apartment-organization/","10/10/2026 12:00","Organized small apartment with labeled bins and clear containers"
"Studio & Small Space Layouts","https://smallspacehome.ca/images/pins/studio-apartment-layout-ideas-A.png","Studio Apartment Layout Ideas That Actually Work","Studio apartment layout ideas that actually work. Rug zoning open shelf dividers and furniture placement for 400 sq ft. See the guide at smallspacehome.ca →","https://smallspacehome.ca/blog/studio-apartment-layout-ideas/","10/10/2026 18:00","Studio apartment with clear zones bed area behind open shelf divider"
"Studio & Small Space Layouts","https://smallspacehome.ca/images/pins/small-apartment-layout-ideas-A.png","Small Apartment Layout Ideas That Save Space","Small apartment layout ideas that save space. Smart furniture placement and open layout tricks. See all ideas at smallspacehome.ca →","https://smallspacehome.ca/blog/small-apartment-layout-ideas/","10/11/2026 12:00","Small apartment with smart furniture placement and open layout"
"Studio & Small Space Layouts","https://smallspacehome.ca/images/pins/small-space-furniture-A.png","Small Space Furniture: What to Buy in Canada","Small space furniture guide for Canada. Nesting tables storage ottomans and drop-leaf desks worth the investment. See the buying guide at smallspacehome.ca →","https://smallspacehome.ca/blog/small-space-furniture/","10/11/2026 18:00","Multi-use furniture in small apartment with storage ottoman and nesting tables"
"Studio & Small Space Layouts","https://smallspacehome.ca/images/pins/ikea-small-space-hacks-A.png","15 IKEA Small Space Hacks for Apartments","IKEA small space hacks for apartments. Fold-down tables rolling carts and slim storage that earn their spot. See all 15 picks at smallspacehome.ca →","https://smallspacehome.ca/blog/ikea-small-space-hacks/","10/12/2026 12:00","Small apartment with IKEA KALLAX shelf divider and rolling cart"
"Studio & Small Space Layouts","https://smallspacehome.ca/images/pins/small-space-living-room-ideas-A.png","18 Small Apartment Living Room Ideas","Small apartment living room ideas. The right sofa scale a rug big enough to anchor the room and layered lighting. See all 18 at smallspacehome.ca →","https://smallspacehome.ca/blog/small-space-living-room-ideas/","10/12/2026 18:00","Compact apartment living room with correctly scaled sofa and layered lighting"
"Small Apartment Storage Ideas","https://smallspacehome.ca/images/pins/small-living-room-storage-solutions-A.png","Small Living Room Storage: Furniture That Hides Clutter","Small living room storage solutions. Furniture that hides clutter with hidden compartments and dual-purpose pieces. See all at smallspacehome.ca →","https://smallspacehome.ca/blog/small-living-room-storage-solutions/","10/13/2026 12:00","Living room with storage coffee table and hidden compartment furniture"
"Renter-Friendly Apartment Decor","https://smallspacehome.ca/images/pins/cozy-winter-apartment-decor-A.png","Cozy Winter Apartment Decor for Renters","Cozy winter apartment decor ideas for renters. Chunky knit throws warm candles and layered textiles. See all ideas at smallspacehome.ca →","https://smallspacehome.ca/blog/cozy-winter-apartment-decor/","10/13/2026 18:00","Cozy winter apartment with chunky knit throws and warm candles"
"Renter-Friendly Apartment Decor","https://smallspacehome.ca/images/pins/fall-apartment-decorating-ideas-A.png","Fall Apartment Decorating Ideas (Canada)","Fall apartment decorating ideas for Canada. Warm earth tones and seasonal accents on a renter budget. See all ideas at smallspacehome.ca →","https://smallspacehome.ca/blog/fall-apartment-decorating-ideas/","10/14/2026 12:00","Fall decorated apartment with warm earth tones and seasonal accents"
"Studio & Small Space Layouts","https://smallspacehome.ca/images/pins/small-apartment-home-office-ideas-A.png","Small Apartment Home Office Ideas","Small apartment home office ideas. Fold-down desks compact setups and dual-purpose furniture for tiny spaces. See all at smallspacehome.ca →","https://smallspacehome.ca/blog/small-apartment-home-office-ideas/","10/14/2026 18:00","Compact home office setup in small apartment with fold-down desk"
"Renter-Friendly Apartment Decor","https://smallspacehome.ca/images/pins/small-apartment-coffee-corner-ideas-A.png","15 Small Apartment Coffee Corner Ideas","Small apartment coffee corner ideas. Styled stations with mugs trays and accessories that fit any counter. See all 15 at smallspacehome.ca →","https://smallspacehome.ca/blog/small-apartment-coffee-corner-ideas/","10/15/2026 12:00","Styled coffee corner in small apartment with mugs and accessories"
"Small Apartment Storage Ideas","https://smallspacehome.ca/images/pins/small-apartment-laundry-storage-ideas-A.png","Small Laundry Room Ideas for Apartments","Small laundry room ideas for apartments. Vertical shelving sorting bins and over-washer storage. See all ideas at smallspacehome.ca →","https://smallspacehome.ca/blog/small-apartment-laundry-storage-ideas/","10/15/2026 18:00","Organized small laundry area with vertical shelving and sorting bins"
"Small Apartment Storage Ideas","https://smallspacehome.ca/images/pins/small-apartment-storage-bins-baskets-guide-A.png","Small Apartment Storage Bins & Baskets Guide","Small apartment storage bins and baskets guide. What to buy where to use them and which sizes fit. See the full guide at smallspacehome.ca →","https://smallspacehome.ca/blog/small-apartment-storage-bins-baskets-guide/","10/16/2026 12:00","Variety of storage bins and woven baskets organized on apartment shelves"
"Renter-Friendly Apartment Decor","https://smallspacehome.ca/images/pins/warm-earthy-color-palette-small-apartment-A.png","7 Warm Earthy Color Palette Ideas for Small Rentals","Warm earthy color palette ideas for small rentals. Terracotta sage oat and warm white combinations. See all 7 palettes at smallspacehome.ca →","https://smallspacehome.ca/blog/warm-earthy-color-palette-small-apartment/","10/16/2026 18:00","Small apartment with warm earthy color palette and natural textures"
"Renter-Friendly Apartment Decor","https://smallspacehome.ca/images/pins/small-apartment-reading-nook-ideas-A.png","15 Small Apartment Reading Nook Ideas","Small apartment reading nook ideas. Cozy corners with cushions lamps and book storage that fit anywhere. See all 15 at smallspacehome.ca →","https://smallspacehome.ca/blog/small-apartment-reading-nook-ideas/","10/17/2026 12:00","Cozy reading nook in small apartment corner with cushions and lamp"
"Renter-Friendly Apartment Decor","https://smallspacehome.ca/images/pins/small-apartment-plant-corner-ideas-A.png","12 Plant Corner Ideas for Small Apartments","Plant corner ideas for small apartments. Tiered plant stands hanging pots and window shelf setups. See all 12 at smallspacehome.ca →","https://smallspacehome.ca/blog/small-apartment-plant-corner-ideas/","10/17/2026 18:00","Small apartment plant corner with tiered plant stand and hanging pots"
"Small Apartment Storage Ideas","https://smallspacehome.ca/images/pins/small-apartment-beauty-skincare-storage-A.png","Small Apartment Skincare & Makeup Storage Ideas","Small apartment skincare and makeup storage ideas. Vanity organizers bathroom shelves and travel-size solutions. See all at smallspacehome.ca →","https://smallspacehome.ca/blog/small-apartment-beauty-skincare-storage/","10/18/2026 12:00","Organized skincare and makeup storage in small apartment bathroom"
"Small Apartment Storage Ideas","https://smallspacehome.ca/images/pins/small-apartment-paperwork-mail-organization-A.png","Small Apartment Paperwork Organization","Small apartment paperwork and mail organization. Wall pockets file boxes and a simple sorting system. See the guide at smallspacehome.ca →","https://smallspacehome.ca/blog/small-apartment-paperwork-mail-organization/","10/18/2026 18:00","Organized mail and paperwork station in small apartment entryway"
"Renter-Friendly Apartment Decor","https://smallspacehome.ca/images/pins/apartment-bathroom-decor-ideas-A.png","Apartment Bathroom Decor Ideas (Renter-Friendly)","Apartment bathroom decor ideas for renters. Styled shelving coordinated accessories and peel-and-stick tiles. See all at smallspacehome.ca →","https://smallspacehome.ca/blog/apartment-bathroom-decor-ideas/","10/19/2026 12:00","Renter-friendly bathroom with styled shelving and coordinated accessories"
"Renter-Friendly Apartment Decor","https://smallspacehome.ca/images/pins/small-bedroom-decor-ideas-A.png","Small Bedroom Decor Ideas for Renters","Small bedroom decor ideas for renters. Layered bedding renter-friendly wall art and cozy lighting. See all at smallspacehome.ca →","https://smallspacehome.ca/blog/small-bedroom-decor-ideas/","10/19/2026 18:00","Small bedroom with layered bedding and renter-friendly wall decor"
"Small Apartment Storage Ideas","https://smallspacehome.ca/images/pins/small-apartment-home-gym-storage-setup-A.png","Small Apartment Home Gym Storage Ideas","Small apartment home gym storage ideas. Wall-mounted racks compact equipment and vertical storage. See all at smallspacehome.ca →","https://smallspacehome.ca/blog/small-apartment-home-gym-storage-setup/","10/20/2026 12:00","Compact home gym setup with wall-mounted storage in small apartment"
"Small Apartment Storage Ideas","https://smallspacehome.ca/images/pins/small-apartment-pet-supply-organization-A.png","Small Apartment Pet Supply Organization","Small apartment pet supply organization. Labeled bins drawer dividers and designated pet stations. See the guide at smallspacehome.ca →","https://smallspacehome.ca/blog/small-apartment-pet-supply-organization/","10/20/2026 18:00","Organized pet supplies in small apartment with labeled bins"
"Small Apartment Storage Ideas","https://smallspacehome.ca/images/pins/renter-friendly-bike-storage-small-apartments-A.png","Renter-Friendly Bike Storage Ideas","Renter-friendly bike storage ideas for small apartments. Wall mounts ceiling hooks and floor stands that protect your deposit. See all at smallspacehome.ca →","https://smallspacehome.ca/blog/renter-friendly-bike-storage-small-apartments/","10/21/2026 12:00","Bike stored vertically on wall mount in small apartment hallway"
"Studio & Small Space Layouts","https://smallspacehome.ca/images/pins/pet-friendly-small-apartment-ideas-A.png","15 Pet-Friendly Small Apartment Setups","Pet-friendly small apartment ideas. Designated pet areas built-in feeding stations and scratch-proof surfaces. See all 15 at smallspacehome.ca →","https://smallspacehome.ca/blog/pet-friendly-small-apartment-ideas/","10/21/2026 18:00","Pet-friendly small apartment with designated pet area and storage"
"Renter-Friendly Apartment Decor","https://smallspacehome.ca/images/pins/facebook-marketplace-furnishing-budget-A.png","FB Marketplace Furniture: Furnish an Apartment Cheap","FB Marketplace furniture guide. How to find quality secondhand furniture for a small Canadian apartment. See the guide at smallspacehome.ca →","https://smallspacehome.ca/blog/facebook-marketplace-furnishing-budget/","10/22/2026 12:00","Apartment furnished with marketplace finds and secondhand furniture"
"Studio & Small Space Layouts","https://smallspacehome.ca/images/pins/where-to-buy-small-space-storage-furniture-A.png","Where to Buy Small-Space Storage Furniture","Where to buy small-space storage furniture in Canada. Best retailers for compact multi-use pieces. See the full list at smallspacehome.ca →","https://smallspacehome.ca/blog/where-to-buy-small-space-storage-furniture/","10/22/2026 18:00","Small space storage furniture from Canadian retailers"
"Renter-Friendly Apartment Decor","https://smallspacehome.ca/images/pins/small-apartment-balcony-ideas-A.png","Small Apartment Balcony Ideas (Renter-Friendly)","Small apartment balcony ideas for renters. Plants outdoor seating and string lights for tiny balconies. See all at smallspacehome.ca →","https://smallspacehome.ca/blog/small-apartment-balcony-ideas/","10/23/2026 12:00","Small apartment balcony styled with plants and outdoor seating"
"Small Apartment Storage Ideas","https://smallspacehome.ca/images/pins/small-apartment-balcony-storage-ideas-A.png","Small Apartment Balcony Storage Ideas","Small apartment balcony storage ideas. Weather-resistant benches vertical racks and wall hooks. See all at smallspacehome.ca →","https://smallspacehome.ca/blog/small-apartment-balcony-storage-ideas/","10/23/2026 18:00","Balcony with weather-resistant storage bench and vertical rack"
"Small Apartment Storage Ideas","https://smallspacehome.ca/images/pins/condo-storage-ideas-toronto-vancouver-A.png","Toronto & Vancouver Condo Storage Ideas","Toronto and Vancouver condo storage ideas. Smart solutions for typical Canadian condo layouts. See all at smallspacehome.ca →","https://smallspacehome.ca/blog/condo-storage-ideas-toronto-vancouver/","10/24/2026 12:00","Modern condo with smart built-in storage solutions"
"Studio & Small Space Layouts","https://smallspacehome.ca/images/pins/small-space-renting-toronto-guide-A.png","Small-Space Renting in Toronto: Complete Guide","Small-space renting in Toronto guide. What to expect how to maximize space and renter rights. See the complete guide at smallspacehome.ca →","https://smallspacehome.ca/blog/small-space-renting-toronto-guide/","10/24/2026 18:00","Toronto apartment building with small space renting tips"
"Small Apartment Storage Ideas","https://smallspacehome.ca/images/pins/january-reset-organization-ideas-A.png","January Reset: Apartment Organization","January reset apartment organization ideas. A fresh-start declutter and reorganization system. See the full guide at smallspacehome.ca →","https://smallspacehome.ca/blog/january-reset-organization-ideas/","10/25/2026 12:00","Fresh organized apartment after January reset declutter"
"Small Apartment Storage Ideas","https://smallspacehome.ca/images/pins/spring-cleaning-organization-tips-A.png","Spring Cleaning Tips for Apartments","Spring cleaning tips for small apartments. Room-by-room checklist and organization reset. See the full guide at smallspacehome.ca →","https://smallspacehome.ca/blog/spring-cleaning-organization-tips/","10/25/2026 18:00","Apartment during spring cleaning with organized supplies"
"Small Apartment Storage Ideas","https://smallspacehome.ca/images/pins/quebec-moving-day-storage-guide-A.png","Quebec Moving Day Storage & Packing Guide","Quebec moving day storage and packing guide. Timelines checklists and space-saving packing tips. See the guide at smallspacehome.ca →","https://smallspacehome.ca/blog/quebec-moving-day-storage-guide/","10/26/2026 12:00","Moving boxes and packing supplies organized for Quebec moving day"
"Small Apartment Storage Ideas","https://smallspacehome.ca/images/pins/september-student-move-in-storage-guide-A.png","Student Move-In Storage Setup Guide","Student move-in storage setup guide. Essential storage picks and organization for your first apartment. See the guide at smallspacehome.ca →","https://smallspacehome.ca/blog/september-student-move-in-storage-guide/","10/26/2026 18:00","Student apartment with organized move-in storage essentials"
"Studio & Small Space Layouts","https://smallspacehome.ca/images/pins/first-apartment-essentials-checklist-canada-A.png","First Apartment Essentials Checklist (Canada)","First apartment essentials checklist with real CAD prices. What to buy first where to shop and the exact budget breakdown. See the full list at smallspacehome.ca →","https://smallspacehome.ca/blog/first-apartment-essentials-checklist-canada/","10/27/2026 12:00","First apartment setup with essentials organized by priority"
"Small Apartment Storage Ideas","https://smallspacehome.ca/images/pins/fridge-pantry-organization-small-apartment-B.png","Fridge & Pantry Organization for Small Apartments","Fridge and pantry organization ideas for small apartments. Clear bins lazy Susans and labeling systems that actually work. See the guide at smallspacehome.ca →","https://smallspacehome.ca/blog/fridge-pantry-organization-small-apartment/","10/27/2026 18:00","Organized apartment fridge and pantry with clear bins and labels"
