order,slug,image_url,caption,posted
1,"small-apartment-layout-ideas","https://raw.githubusercontent.com/badreddineX/SmallSpaceHome.BLOG/main/social-posts/ig-2026-09/small-apartment-layout-ideas-ig.jpg","Small Apartment Layout Ideas That Save Space (Canada)

Small apartment layout ideas for Canadian renters: clearances to plan around, layouts for narrow, square and open-plan units, plus heater tips.

Save this for later. Full guide: link in bio. More ideas for Canadian small-apartment renters.

#smallapartment #rentersofinstagram #smallapartmentlayoutideas #smallapartmentlayout #apartmentlayoutideascanada",
2,"studio-apartment-layout-ideas","https://raw.githubusercontent.com/badreddineX/SmallSpaceHome.BLOG/main/social-posts/ig-2026-09/studio-apartment-layout-ideas-ig.jpg","Studio Apartment Layout Ideas That Actually Work

Studio apartment layout ideas for Canadian renters: how to zone one room into sleep, work and living areas without walls, with CAD prices.

Save this for later. Full guide: link in bio. More ideas for Canadian small-apartment renters.

#smallapartment #rentersofinstagram #studioapartmentlayoutideas #studioapartmentlayout #smallbedroomlayoutideas",
3,"condo-storage-ideas-toronto-vancouver","https://raw.githubusercontent.com/badreddineX/SmallSpaceHome.BLOG/main/social-posts/ig-2026-09/condo-storage-ideas-toronto-vancouver-ig.jpg","Toronto & Vancouver Condo Storage Ideas

Condo storage ideas for small Toronto and Vancouver units — no-drill solutions, locker alternatives, and real CAD prices from Amazon.ca and IKEA.

Save this for later. Full guide: link in bio. More ideas for Canadian small-apartment renters.

#smallapartment #rentersofinstagram #condostorage #condostorageideas #smallcondofurniture",
4,"vertical-storage-ideas-small-apartment","https://raw.githubusercontent.com/badreddineX/SmallSpaceHome.BLOG/main/social-posts/ig-2026-09/vertical-storage-ideas-small-apartment-ig.jpg","12 Vertical Storage Ideas for Apartments

Smart vertical storage solutions for small Canadian apartments—renter-friendly, no-wall-damage options from IKEA to HomeSense.

Save this for later. Full guide: link in bio. More ideas for Canadian small-apartment renters.

#smallapartment #rentersofinstagram #verticalstorage #verticalstorageideas #wallstoragesmallapartment",
5,"under-bed-storage-ideas-small-apartment","https://raw.githubusercontent.com/badreddineX/SmallSpaceHome.BLOG/main/social-posts/ig-2026-09/under-bed-storage-ideas-small-apartment-ig.jpg","Under-Bed Storage Ideas for Small Apartments

Under bed storage ideas for small apartments in Canada — bed risers, lidded bins vs. vacuum bags, rolling drawers, and what never to store under a bed.

Save this for later. Full guide: link in bio. More ideas for Canadian small-apartment renters.

#smallapartment #rentersofinstagram #underbedstorage #underbedstorageideas #bedrisers",
6,"small-living-room-storage-solutions","https://raw.githubusercontent.com/badreddineX/SmallSpaceHome.BLOG/main/social-posts/ig-2026-09/small-living-room-storage-solutions-ig.jpg","Small Living Room Storage: Furniture That Hides Clutter

Small living room storage ideas that use furniture, not walls — storage ottomans, coffee tables with shelves, and TV consoles that hide the clutter.

Save this for later. Full guide: link in bio. More ideas for Canadian small-apartment renters.

#smallapartment #rentersofinstagram #livingroomstorageideas #ottomanstoragesmalllivingroom #renterfriendly",
7,"small-entryway-hallway-storage-ideas","https://raw.githubusercontent.com/badreddineX/SmallSpaceHome.BLOG/main/social-posts/ig-2026-09/small-entryway-hallway-storage-ideas-ig.jpg","Small Entryway & Hallway Storage Ideas for Apartments

No-drill entryway storage ideas for small Canadian rentals: freestanding shoe racks, tension-rod coat racks, drop zones, and slim console tables.

Save this for later. Full guide: link in bio. More ideas for Canadian small-apartment renters.

#smallapartment #rentersofinstagram #entrywaystorage #entrywayorganization #smallhallwaystorage",
8,"small-closet-organization-rental-apartment","https://raw.githubusercontent.com/badreddineX/SmallSpaceHome.BLOG/main/social-posts/ig-2026-09/small-closet-organization-rental-apartment-ig.jpg","Very Small Closet Organization Ideas (Rentals)

No-drill ideas for a very small closet in a rental — slim hangers, shelf risers, over-door racks, and how to fit lots of clothes in a tiny closet.

Save this for later. Full guide: link in bio. More ideas for Canadian small-apartment renters.

#smallapartment #rentersofinstagram #smallclosetorganizationideas #closetwithoutdoorsideas #renterfriendly",
9,"small-apartment-laundry-storage-ideas","https://raw.githubusercontent.com/badreddineX/SmallSpaceHome.BLOG/main/social-posts/ig-2026-09/small-apartment-laundry-storage-ideas-ig.jpg","Small Laundry Room Ideas for Apartments

Small laundry room ideas for apartments and rentals: organize a tight in-suite closet or shared building laundry, no-drill, with real Canadian prices.

Save this for later. Full guide: link in bio. More ideas for Canadian small-apartment renters.

#smallapartment #rentersofinstagram #smalllaundryroomideas #laundryroomorganizationideas #laundryclosetorganization",
10,"small-apartment-home-office-ideas","https://raw.githubusercontent.com/badreddineX/SmallSpaceHome.BLOG/main/social-posts/ig-2026-09/small-apartment-home-office-ideas-ig.jpg","8 Home Office Ideas for a Small Apartment (No Spare Room Needed)

No spare room? 8 renter-friendly home office setups for small Canadian apartments — desk placement, storage, and separating work from living.

Save this for later. Full guide: link in bio. More ideas for Canadian small-apartment renters.

#smallapartment #rentersofinstagram #smallapartmenthomeoffice #apartmenthomeoffice #homeofficeideas",
11,"small-apartment-bathroom-storage","https://raw.githubusercontent.com/badreddineX/SmallSpaceHome.BLOG/main/social-posts/ig-2026-09/small-apartment-bathroom-storage-ig.jpg","Small Apartment Bathroom Storage Ideas

Where to buy bathroom storage that works in a small rental: 12 no-drill ideas with real CAD prices from Amazon.ca, IKEA, and HomeSense.

Save this for later. Full guide: link in bio. More ideas for Canadian small-apartment renters.

#smallapartment #rentersofinstagram #bathroomstorage #smallapartmentbathroom #renterfriendly",
12,"small-apartment-bedroom-storage-ideas","https://raw.githubusercontent.com/badreddineX/SmallSpaceHome.BLOG/main/social-posts/ig-2026-09/small-apartment-bedroom-storage-ideas-ig.jpg","Small Bedroom Storage & Organization Ideas

13 small bedroom storage ideas for Canadian apartments: closet, under-bed, wall and furniture solutions, all renter-friendly with real CAD prices.

Save this for later. Full guide: link in bio. More ideas for Canadian small-apartment renters.

#smallapartment #rentersofinstagram #smallbedroomorganizationideas #smallbedroomstorage #storageforsmallbedroom",
13,"small-space-kitchen-organization","https://raw.githubusercontent.com/badreddineX/SmallSpaceHome.BLOG/main/social-posts/ig-2026-09/small-space-kitchen-organization-ig.jpg","14 Small Kitchen Organization Ideas

14 kitchen organization ideas for small Canadian apartments — pantry, counters, cabinets, and drawers. Renter-friendly, with real CAD prices.

Save this for later. Full guide: link in bio. More ideas for Canadian small-apartment renters.

#smallapartment #rentersofinstagram #kitchenorganization #smallkitchenstorageideas #smallkitchenstoragesolutions",
14,"ikea-small-space-hacks","https://raw.githubusercontent.com/badreddineX/SmallSpaceHome.BLOG/main/social-posts/ig-2026-09/ikea-small-space-hacks-ig.jpg","15 IKEA Small Space Hacks for Apartments

15 IKEA small space hacks for Canadian apartments — furniture combos, storage tricks, and unexpected uses, with real CAD prices and what actually works.

Save this for later. Full guide: link in bio. More ideas for Canadian small-apartment renters.

#smallapartment #rentersofinstagram #ikeahacks #ikeasmallapartment #ikeaapartmenthacks",
15,"small-space-furniture","https://raw.githubusercontent.com/badreddineX/SmallSpaceHome.BLOG/main/social-posts/ig-2026-09/small-space-furniture-ig.jpg","Small Space Furniture Canada: What to Buy (& Where)

Best small space furniture in Canada from $35–$999 CAD: apartment-size sofas, storage beds, nesting tables, plus Facebook Marketplace and Kijiji secondhand tips.

Save this for later. Full guide: link in bio. More ideas for Canadian small-apartment renters.

#smallapartment #rentersofinstagram #smallspacefurniture #spacesavingfurniture #apartmentsizefurniture",
16,"storage-ideas-for-small-places","https://raw.githubusercontent.com/badreddineX/SmallSpaceHome.BLOG/main/social-posts/ig-2026-09/storage-ideas-for-small-places-ig.jpg","23 Small Apartment Storage & Organization Ideas

Out of storage in your Canadian apartment? 23 renter-friendly storage and organization ideas — vertical space, hidden nooks, smart furniture, and the declutter system that makes it stick. No drilling.

Save this for later. Full guide: link in bio. More ideas for Canadian small-apartment renters.

#smallapartment #rentersofinstagram #smallapartmentstorage #smallapartmentstorageideas #storagesolutionsforsmallspaces",
